{
    "time": 0,
    "bodyParts": {
        "rightShoulder": {
            "x": 0.3810792863368988,
            "y": 0.67139649391174316
        },
        "rightEye": {
            "x": 0.48692646622657776,
            "y": 0.78274631500244141
        },
        "neck": {
            "x": 0.51778171956539154,
            "y": 0.67059874534606934
        },
        "rightHip": {
            "x": 0.40550157427787781,
            "y": 0.40921556949615479
        },
        "nose": {
            "x": 0.52226251363754272,
            "y": 0.77011430263519287
        },
        "leftEye": {
            "x": 0.54759675264358521,
            "y": 0.78103393316268921
        },
        "leftHip": {
            "x": 0.58997446298599243,
            "y": 0.40490370988845825
        },
        "leftElbow": {
            "x": 0.86751657724380493,
            "y": 0.67362380027770996
        },
        "rightKnee": {
            "x": 0.3981880247592926,
            "y": 0.24572473764419556
        },
        "leftKnee": {
            "x": 0.59572380781173706,
            "y": 0.24220645427703857
        },
        "rightEar": {
            "x": 0.44350531697273254,
            "y": 0.75798088312149048
        },
        "leftAnkle": {
            "x": 0.61841851472854614,
            "y": 0.054491341114044189
        },
        "rightElbow": {
            "x": 0.18393762409687042,
            "y": 0.68041157722473145
        },
        "root": {
            "x": 0.49773801863193512,
            "y": 0.40705963969230652
        },
        "leftEar": {
            "x": 0.59132903814315796,
            "y": 0.75895595550537109
        },
        "leftShoulder": {
            "x": 0.65448415279388428,
            "y": 0.66980099678039551
        },
        "leftWrist": {
            "x": 0.87131810188293457,
            "y": 0.79966115951538086
        },
        "rightWrist": {
            "x": 0.17094521224498749,
            "y": 0.8122936487197876
        },
        "rightAnkle": {
            "x": 0.35983142256736755,
            "y": 0.054099202156066895
        }
    }
}